model,RMSE,MAE,MAPE,directional_accuracy,avg_return,hit_rate
ARIMAX,0.01201231330392345,0.007129306468255559,5986.228119181845,56.15384615384615,9.118590041355461e-4,35.76923076923077
TVP,0.014569488836744604,0.008460053352914618,14719.645272823047,45.38461538461539,-4.11976638858767e-5,32.30769230769231
