model,RMSE,MAE,MAPE,directional_accuracy,avg_return,hit_rate
ARIMAX,0.012012313303923806,0.007129306468255838,5986.22811918128,56.15384615384615,9.118590041355463e-4,35.76923076923077
TVP,0.014569258027924109,0.0084599011611757,14717.703568449026,45.38461538461539,-4.119766388587502e-5,32.30769230769231
